id,url,region,region_url,price,year
1,,,,39705,2021
2,,,,12791,2020
3,,,,23758,2004
4,,,,33641,2003
5,,,,24195,2001
6,,,,30009,2013
7,,,,30120,2017
8,,,,20628,2006
9,,,,13030,2017
10,,,,35240,2010
11,,,,41042,2021
12,,,,7037,2014
13,,,,7435,2011
14,,,,7790,2012
15,,,,49720,2010
16,,,,39404,2002
17,,,,36180,2021
18,,,,13045,2022
19,,,,25837,2022
20,,,,21984,2018
21,,,,49186,2020
22,,,,28095,2008
23,,,,26286,2010
24,,,,43651,2016
25,,,,28221,2017
26,,,,9540,2012
27,,,,30087,2007
28,,,,9503,2001
29,,,,12918,2022
30,,,,13236,2006
31,,,,23019,2002
32,,,,44253,2010
33,,,,19189,2006
34,,,,32373,2019
35,,,,36915,2008
36,,,,25059,2015
37,,,,23644,2020
38,,,,14280,2011
39,,,,27592,2007
40,,,,46058,2011
41,,,,21098,2008
42,,,,18476,2019
43,,,,41733,2004
44,,,,22518,2010
45,,,,13194,2011
46,,,,44003,2003
47,,,,40278,2017
48,,,,14513,2022
49,,,,19532,2005
50,,,,39430,2013
51,,,,19685,2021
52,,,,35718,2012
53,,,,39839,2021
54,,,,38930,2020
55,,,,10497,2001
56,,,,19853,2012
57,,,,20658,2010
58,,,,30282,2008
59,,,,21111,2011
60,,,,48382,2012
61,,,,27595,2011
62,,,,16347,2004
63,,,,18189,2021
64,,,,13849,2007
65,,,,40263,2019
66,,,,47159,2009
67,,,,6448,2020
68,,,,44010,2021
69,,,,47363,2013
70,,,,26563,2022
71,,,,41105,2011
72,,,,42295,2002
73,,,,48026,2001
74,,,,37592,2001
75,,,,30540,2022
76,,,,24568,2017
77,,,,24397,2009
78,,,,11475,2000
79,,,,43342,2005
80,,,,10149,2012
81,,,,48031,2002
82,,,,9070,2003
83,,,,32931,2022
84,,,,6514,2015
85,,,,30003,2012
86,,,,35501,2017
87,,,,31142,2018
88,,,,48301,2012
89,,,,39718,2006
90,,,,44349,2014
91,,,,48616,2017
92,,,,11359,2016
93,,,,33999,2006
94,,,,9766,2021
95,,,,45182,2013
96,,,,28194,2018
97,,,,32174,2016
98,,,,8654,2003
99,,,,42170,2006
100,,,,17089,2016
101,,,,19117,2006
102,,,,13882,2013
103,,,,35294,2015
104,,,,17119,2011
105,,,,25771,2001
106,,,,40399,2010
107,,,,27393,2016
108,,,,26876,2002
109,,,,22240,2022
110,,,,48185,2021
111,,,,45891,2016
112,,,,44210,2001
113,,,,7872,2003
114,,,,16066,2009
115,,,,38963,2010
116,,,,25836,2020
117,,,,38858,2011
118,,,,48900,2013
119,,,,17739,2012
120,,,,39137,2010
121,,,,13085,2012
122,,,,32825,2003
123,,,,21481,2013
124,,,,40119,2017
125,,,,39032,2006
126,,,,49830,2015
127,,,,37111,2000
128,,,,49482,2020
129,,,,35290,2019
130,,,,46809,2017
131,,,,25988,2000
132,,,,44900,2001
133,,,,25982,2013
134,,,,28188,2009
135,,,,11197,2000
136,,,,11407,2015
137,,,,6467,2006
138,,,,14354,2002
139,,,,35048,2017
140,,,,9627,2012
141,,,,31924,2018
142,,,,23443,2000
143,,,,32890,2014
144,,,,20592,2012
145,,,,47751,2021
146,,,,8586,2009
147,,,,22303,2009
148,,,,31165,2009
149,,,,7505,2012
150,,,,44166,2010
151,,,,46069,2021
152,,,,18808,2014
153,,,,34983,2003
154,,,,8159,2010
155,,,,46839,2002
156,,,,14435,2008
157,,,,11159,2022
158,,,,22986,2007
159,,,,17658,2007
160,,,,5116,2019
161,,,,9306,2015
162,,,,30921,2021
163,,,,41655,2003
164,,,,28931,2002
165,,,,7553,2012
166,,,,10084,2022
167,,,,18636,2006
168,,,,42822,2002
169,,,,45371,2018
170,,,,28611,2017
171,,,,48624,2001
172,,,,31420,2012
173,,,,24117,2002
174,,,,47289,2021
175,,,,15902,2013
176,,,,5725,2021
177,,,,6268,2004
178,,,,17079,2014
179,,,,28328,2011
180,,,,11889,2001
181,,,,48995,2009
182,,,,25853,2007
183,,,,11970,2012
184,,,,24639,2005
185,,,,10144,2018
186,,,,10291,2018
187,,,,11970,2017
188,,,,26528,2007
189,,,,42208,2013
190,,,,38584,2007
191,,,,30668,2020
192,,,,46608,2012
193,,,,28113,2000
194,,,,10302,2007
195,,,,38608,2001
196,,,,33774,2012
197,,,,24284,2012
198,,,,39531,2008
199,,,,11019,2018
200,,,,42615,2013
201,,,,49414,2007
202,,,,47605,2016
203,,,,11921,2010
204,,,,23338,2020
205,,,,28797,2014
206,,,,9410,2018
207,,,,8255,2007
208,,,,26143,2016
209,,,,37060,2022
210,,,,14508,2022
211,,,,23162,2007
212,,,,18820,2011
213,,,,44206,2020
214,,,,18576,2016
215,,,,15880,2008
216,,,,13556,2007
217,,,,33978,2010
218,,,,7798,2011
219,,,,29375,2000
220,,,,17283,2008
221,,,,49651,2022
222,,,,38321,2020
223,,,,10379,2018
224,,,,16551,2004
225,,,,39354,2002
226,,,,13465,2018
227,,,,31442,2009
228,,,,39607,2019
229,,,,29549,2014
230,,,,49476,2010
231,,,,18937,2012
232,,,,35518,2018
233,,,,29908,2005
234,,,,14283,2015
235,,,,25887,2007
236,,,,49105,2009
237,,,,26909,2004
238,,,,48158,2000
239,,,,30102,2014
240,,,,13130,2013
241,,,,37325,2007
242,,,,40443,2002
243,,,,33012,2008
244,,,,10855,2015
245,,,,29370,2000
246,,,,39709,2008
247,,,,7450,2007
248,,,,23126,2019
249,,,,23856,2017
250,,,,15577,2015
251,,,,49354,2010
252,,,,46810,2018
253,,,,39710,2022
254,,,,5092,2012
255,,,,13631,2009
256,,,,36656,2001
257,,,,24527,2000
258,,,,35879,2013
259,,,,12677,2022
260,,,,17676,2013
261,,,,49762,2011
262,,,,23219,2005
263,,,,20356,2005
264,,,,6463,2021
265,,,,22808,2001
266,,,,11069,2014
267,,,,5463,2000
268,,,,41404,2019
269,,,,36103,2002
270,,,,42384,2014
271,,,,45852,2015
272,,,,29928,2019
273,,,,38627,2007
274,,,,24693,2004
275,,,,48675,2006
276,,,,21309,2018
277,,,,9774,2009
278,,,,29383,2019
279,,,,43234,2012
280,,,,13997,2005
281,,,,43864,2011
282,,,,46185,2016
283,,,,24524,2017
284,,,,15680,2003
285,,,,12579,2011
286,,,,29060,2002
287,,,,10028,2016
288,,,,7999,2019
289,,,,41532,2014
290,,,,18668,2022
291,,,,25978,2000
292,,,,36219,2004
293,,,,42130,2013
294,,,,22915,2003
295,,,,26537,2010
296,,,,48580,2007
297,,,,9565,2009
298,,,,31367,2010
299,,,,13634,2014
300,,,,16087,2007
301,,,,10312,2001
302,,,,27400,2015
303,,,,26110,2022
304,,,,10006,2019
305,,,,23563,2016
306,,,,43620,2021
307,,,,7177,2014
308,,,,39293,2014
309,,,,6259,2016
310,,,,9091,2022
311,,,,23340,2014
312,,,,47845,2013
313,,,,31925,2022
314,,,,34388,2002
315,,,,23840,2002
316,,,,15543,2008
317,,,,13959,2015
318,,,,32553,2020
319,,,,11855,2000
320,,,,24402,2011
321,,,,22288,2022
322,,,,47583,2009
323,,,,37241,2006
324,,,,39654,2020
325,,,,45519,2009
326,,,,33722,2012
327,,,,44396,2021
328,,,,11952,2010
329,,,,38900,2010
330,,,,33153,2008
331,,,,5808,2009
332,,,,27200,2003
333,,,,47720,2021
334,,,,41250,2001
335,,,,32130,2021
336,,,,18359,2017
337,,,,48233,2015
338,,,,20994,2007
339,,,,20501,2006
340,,,,13834,2005
341,,,,49826,2006
342,,,,14971,2014
343,,,,26846,2019
344,,,,30074,2013
345,,,,37975,2008
346,,,,7400,2011
347,,,,15099,2020
348,,,,31491,2010
349,,,,29797,2017
350,,,,39484,2022
351,,,,36227,2020
352,,,,19036,2002
353,,,,24134,2013
354,,,,47188,2014
355,,,,24427,2014
356,,,,15432,2004
357,,,,17643,2015
358,,,,5433,2011
359,,,,22677,2022
360,,,,23064,2021
361,,,,46977,2022
362,,,,8720,2014
363,,,,11317,2021
364,,,,9201,2008
365,,,,34282,2019
366,,,,45276,2017
367,,,,14876,2015
368,,,,41922,2022
369,,,,40241,2013
370,,,,24443,2000
371,,,,45699,2005
372,,,,24433,2006
373,,,,15157,2001
374,,,,8133,2000
375,,,,18602,2008
376,,,,13623,2008
377,,,,29766,2007
378,,,,16156,2010
379,,,,47984,2008
380,,,,43862,2019
381,,,,41120,2009
382,,,,17980,2013
383,,,,18144,2015
384,,,,11805,2003
385,,,,32498,2014
386,,,,21044,2002
387,,,,34674,2003
388,,,,15968,2017
389,,,,35108,2001
390,,,,32395,2017
391,,,,38259,2012
392,,,,46216,2018
393,,,,42137,2016
394,,,,17549,2004
395,,,,10897,2001
396,,,,46482,2022
397,,,,6319,2022
398,,,,43240,2014
399,,,,32171,2006
400,,,,45880,2014
401,,,,25695,2018
402,,,,46828,2005
403,,,,44190,2009
404,,,,37615,2019
405,,,,37223,2005
406,,,,38037,2008
407,,,,34171,2009
408,,,,6733,2008
409,,,,32272,2016
410,,,,23224,2017
411,,,,48202,2011
412,,,,41738,2005
413,,,,14251,2019
414,,,,9434,2007
415,,,,31019,2022
416,,,,9697,2001
417,,,,6025,2009
418,,,,9906,2018
419,,,,8776,2020
420,,,,37874,2008
421,,,,29643,2002
422,,,,47886,2019
423,,,,16570,2021
424,,,,10918,2017
425,,,,15997,2009
426,,,,10533,2013
427,,,,23826,2007
428,,,,17337,2007
429,,,,29673,2022
430,,,,46410,2015
431,,,,42375,2022
432,,,,40100,2017
433,,,,15096,2018
434,,,,25881,2001
435,,,,42753,2012
436,,,,35772,2016
437,,,,5532,2011
438,,,,26795,2022
439,,,,25581,2004
440,,,,19697,2021
441,,,,38095,2012
442,,,,20001,2016
443,,,,27537,2015
444,,,,7997,2016
445,,,,7067,2011
446,,,,25059,2014
447,,,,44876,2018
448,,,,13624,2004
449,,,,32768,2012
450,,,,8173,2015
451,,,,7905,2000
452,,,,37647,2019
453,,,,25193,2009
454,,,,24166,2021
455,,,,36893,2017
456,,,,40970,2022
457,,,,12840,2007
458,,,,12204,2017
459,,,,47811,2015
460,,,,21533,2005
461,,,,13604,2021
462,,,,39587,2012
463,,,,7562,2003
464,,,,26335,2011
465,,,,49151,2014
466,,,,5261,2020
467,,,,18986,2006
468,,,,12272,2000
469,,,,14460,2020
470,,,,40756,2013
471,,,,25385,2009
472,,,,7009,2020
473,,,,37842,2009
474,,,,49513,2010
475,,,,47326,2021
476,,,,38888,2009
477,,,,36918,2004
478,,,,47154,2009
479,,,,12286,2020
480,,,,14533,2002
481,,,,34894,2017
482,,,,43263,2005
483,,,,30059,2000
484,,,,28961,2018
485,,,,41639,2022
486,,,,35696,2005
487,,,,12329,2017
488,,,,16562,2017
489,,,,28242,2006
490,,,,7651,2011
491,,,,18976,2006
492,,,,47682,2022
493,,,,14115,2005
494,,,,31339,2002
495,,,,10855,2016
496,,,,18504,2022
497,,,,13555,2005
498,,,,8915,2018
499,,,,14602,2019
500,,,,24139,2013
501,,,,11220,2017
502,,,,29716,2014
503,,,,44537,2010
504,,,,19130,2003
505,,,,13142,2002
506,,,,44769,2013
507,,,,47974,2017
508,,,,44589,2006
509,,,,41513,2009
510,,,,17458,2019
511,,,,26556,2014
512,,,,12889,2014
513,,,,6400,2017
514,,,,28538,2016
515,,,,49885,2008
516,,,,22798,2006
517,,,,38298,2012
518,,,,37776,2019
519,,,,36084,2000
520,,,,10857,2015
521,,,,13134,2019
522,,,,37895,2008
523,,,,45437,2011
524,,,,26411,2013
525,,,,8766,2005
526,,,,8681,2018
527,,,,14482,2011
528,,,,5101,2011
529,,,,39286,2009
530,,,,41029,2019
531,,,,10516,2010
532,,,,12363,2019
533,,,,38625,2006
534,,,,12694,2014
535,,,,22361,2010
536,,,,30201,2022
537,,,,10927,2003
538,,,,29370,2022
539,,,,24264,2022
540,,,,24551,2020
541,,,,45029,2001
542,,,,7570,2011
543,,,,47703,2022
544,,,,9808,2001
545,,,,49725,2005
546,,,,41933,2006
547,,,,35914,2022
548,,,,42673,2010
549,,,,22634,2013
550,,,,47528,2014
551,,,,24163,2021
552,,,,11563,2007
553,,,,25425,2017
554,,,,17775,2013
555,,,,47913,2020
556,,,,26383,2021
557,,,,18489,2020
558,,,,5975,2002
559,,,,19432,2008
560,,,,14812,2002
561,,,,24202,2000
562,,,,32782,2021
563,,,,29878,2010
564,,,,49588,2020
565,,,,16084,2007
566,,,,9710,2004
567,,,,30386,2004
568,,,,21248,2021
569,,,,40483,2019
570,,,,42899,2000
571,,,,22405,2022
572,,,,27374,2007
573,,,,10448,2015
574,,,,10087,2017
575,,,,26592,2010
576,,,,27880,2004
577,,,,42104,2005
578,,,,48303,2021
579,,,,26277,2001
580,,,,31937,2016
581,,,,26777,2001
582,,,,37843,2003
583,,,,22220,2020
584,,,,45746,2013
585,,,,9675,2013
586,,,,18480,2020
587,,,,44069,2007
588,,,,8750,2004
589,,,,15318,2006
590,,,,46154,2014
591,,,,34674,2009
592,,,,43697,2001
593,,,,38797,2015
594,,,,16499,2015
595,,,,42538,2013
596,,,,34789,2008
597,,,,49629,2002
598,,,,28528,2015
599,,,,37385,2005
600,,,,22593,2010
601,,,,19139,2022
602,,,,11326,2018
603,,,,36719,2005
604,,,,41258,2002
605,,,,42984,2014
606,,,,42857,2016
607,,,,12656,2009
608,,,,17219,2015
609,,,,19069,2015
610,,,,31571,2020
611,,,,19155,2005
612,,,,31370,2017
613,,,,44625,2020
614,,,,14867,2008
615,,,,12881,2000
616,,,,34650,2021
617,,,,33980,2016
618,,,,9427,2016
619,,,,15174,2017
620,,,,16612,2006
621,,,,41796,2014
622,,,,27146,2010
623,,,,43043,2017
624,,,,32744,2017
625,,,,11943,2020
626,,,,35599,2005
627,,,,49103,2009
628,,,,44394,2001
629,,,,44657,2022
630,,,,23895,2016
631,,,,34391,2007
632,,,,45134,2021
633,,,,26345,2007
634,,,,22618,2021
635,,,,41225,2016
636,,,,46013,2001
637,,,,45443,2011
638,,,,34235,2020
639,,,,6363,2002
640,,,,40946,2019
641,,,,7183,2009
642,,,,13679,2007
643,,,,39296,2002
644,,,,28286,2004
645,,,,16034,2010
646,,,,10035,2000
647,,,,24174,2006
648,,,,25010,2019
649,,,,14577,2009
650,,,,41660,2002
651,,,,33227,2018
652,,,,47097,2008
653,,,,39231,2010
654,,,,40783,2017
655,,,,18283,2020
656,,,,49478,2008
657,,,,13062,2000
658,,,,34292,2017
659,,,,40698,2002
660,,,,15180,2011
661,,,,41927,2020
662,,,,30172,2014
663,,,,31932,2008
664,,,,48582,2000
665,,,,30371,2006
666,,,,9376,2022
667,,,,16893,2003
668,,,,48251,2013
669,,,,34041,2015
670,,,,5191,2006
671,,,,48258,2012
672,,,,49802,2021
673,,,,15596,2021
674,,,,34660,2011
675,,,,42766,2006
676,,,,12855,2021
677,,,,36304,2013
678,,,,16766,2009
679,,,,5839,2017
680,,,,30826,2009
681,,,,34636,2015
682,,,,48592,2020
683,,,,18910,2020
684,,,,25789,2002
685,,,,20546,2020
686,,,,43472,2012
687,,,,33097,2016
688,,,,34561,2005
689,,,,47756,2022
690,,,,15090,2004
691,,,,46723,2022
692,,,,36758,2002
693,,,,48624,2003
694,,,,18067,2000
695,,,,32711,2006
696,,,,23906,2009
697,,,,47516,2007
698,,,,13846,2018
699,,,,37853,2009
700,,,,39176,2015
701,,,,16185,2008
702,,,,40175,2013
703,,,,46455,2012
704,,,,12567,2016
705,,,,40325,2015
706,,,,15080,2021
707,,,,5675,2017
708,,,,30915,2003
709,,,,7602,2011
710,,,,13675,2012
711,,,,31181,2015
712,,,,26447,2008
713,,,,12125,2001
714,,,,27744,2002
715,,,,43244,2015
716,,,,19357,2002
717,,,,21494,2020
718,,,,28354,2020
719,,,,46957,2012
720,,,,7152,2006
721,,,,7514,2014
722,,,,23305,2016
723,,,,27124,2004
724,,,,9478,2021
725,,,,38704,2001
726,,,,42653,2009
727,,,,34969,2016
728,,,,20662,2020
729,,,,7851,2010
730,,,,43349,2011
731,,,,24652,2019
732,,,,6633,2005
733,,,,44781,2002
734,,,,36869,2007
735,,,,37123,2011
736,,,,47866,2021
737,,,,16422,2003
738,,,,38211,2009
739,,,,26531,2001
740,,,,34167,2006
741,,,,19550,2003
742,,,,29677,2013
743,,,,43111,2008
744,,,,49495,2004
745,,,,20597,2017
746,,,,30487,2019
747,,,,22427,2017
748,,,,23535,2021
749,,,,44520,2003
750,,,,29020,2001
751,,,,7700,2000
752,,,,6839,2020
753,,,,45452,2015
754,,,,39204,2016
755,,,,7891,2011
756,,,,21562,2020
757,,,,40770,2000
758,,,,33215,2011
759,,,,31335,2006
760,,,,21101,2012
761,,,,14769,2009
762,,,,32955,2012
763,,,,35070,2019
764,,,,46483,2001
765,,,,6615,2015
766,,,,40378,2002
767,,,,42961,2003
768,,,,16187,2006
769,,,,37544,2009
770,,,,20390,2013
771,,,,43981,2004
772,,,,18116,2021
773,,,,18346,2005
774,,,,27214,2015
775,,,,36840,2001
776,,,,44226,2012
777,,,,11198,2018
778,,,,48443,2003
779,,,,28035,2004
780,,,,45203,2015
781,,,,13758,2018
782,,,,49019,2008
783,,,,9567,2007
784,,,,19308,2004
785,,,,24814,2017
786,,,,18505,2015
787,,,,6377,2013
788,,,,39084,2001
789,,,,30043,2000
790,,,,25320,2022
791,,,,35229,2012
792,,,,34230,2000
793,,,,38112,2010
794,,,,5334,2000
795,,,,21697,2020
796,,,,34728,2001
797,,,,11874,2011
798,,,,20043,2009
799,,,,39138,2018
800,,,,38612,2008
801,,,,49893,2000
802,,,,39101,2000
803,,,,6773,2012
804,,,,48543,2022
805,,,,14298,2009
806,,,,49793,2011
807,,,,38703,2003
808,,,,21141,2008
809,,,,46116,2004
810,,,,28466,2000
811,,,,9199,2017
812,,,,26363,2017
813,,,,16301,2003
814,,,,31891,2016
815,,,,35367,2020
816,,,,12103,2022
817,,,,22706,2014
818,,,,17142,2017
819,,,,36890,2018
820,,,,19919,2002
821,,,,13558,2002
822,,,,35498,2006
823,,,,13976,2017
824,,,,41757,2000
825,,,,42205,2010
826,,,,32068,2018
827,,,,30251,2020
828,,,,47229,2009
829,,,,8084,2003
830,,,,30195,2018
831,,,,16752,2017
832,,,,31825,2016
833,,,,35036,2014
834,,,,49029,2013
835,,,,6021,2001
836,,,,28543,2002
837,,,,39214,2022
838,,,,36301,2000
839,,,,17533,2007
840,,,,19125,2012
841,,,,47500,2010
842,,,,20172,2021
843,,,,41693,2009
844,,,,5646,2019
845,,,,20321,2008
846,,,,47519,2017
847,,,,29632,2015
848,,,,14962,2014
849,,,,17573,2001
850,,,,38813,2010
851,,,,5273,2006
852,,,,13917,2022
853,,,,18339,2004
854,,,,7086,2015
855,,,,15732,2021
856,,,,13706,2003
857,,,,13835,2009
858,,,,49564,2014
859,,,,27254,2010
860,,,,5629,2003
861,,,,10188,2006
862,,,,37638,2000
863,,,,21357,2013
864,,,,24749,2011
865,,,,37309,2009
866,,,,26450,2014
867,,,,39705,2009
868,,,,41604,2016
869,,,,33678,2007
870,,,,6491,2005
871,,,,26200,2013
872,,,,25230,2015
873,,,,8050,2007
874,,,,47039,2014
875,,,,21866,2013
876,,,,26363,2013
877,,,,12285,2005
878,,,,43141,2010
879,,,,37518,2018
880,,,,39930,2018
881,,,,35510,2010
882,,,,30974,2006
883,,,,47749,2020
884,,,,7362,2007
885,,,,24396,2019
886,,,,37816,2001
887,,,,9044,2003
888,,,,14457,2016
889,,,,20790,2005
890,,,,49558,2002
891,,,,8007,2014
892,,,,15673,2018
893,,,,39706,2010
894,,,,12380,2018
895,,,,47931,2004
896,,,,32084,2008
897,,,,42085,2009
898,,,,34609,2000
899,,,,14779,2000
900,,,,38301,2002
901,,,,36841,2006
902,,,,43759,2014
903,,,,7735,2016
904,,,,14305,2011
905,,,,38306,2006
906,,,,45412,2004
907,,,,44596,2007
908,,,,46853,2003
909,,,,34108,2005
910,,,,23216,2012
911,,,,29645,2008
912,,,,49810,2022
913,,,,43338,2010
914,,,,21263,2000
915,,,,7330,2004
916,,,,23340,2014
917,,,,21789,2021
918,,,,10965,2017
919,,,,8538,2018
920,,,,17183,2011
921,,,,33299,2007
922,,,,21187,2018
923,,,,11953,2000
924,,,,40038,2019
925,,,,6446,2021
926,,,,49648,2017
927,,,,12129,2020
928,,,,23161,2003
929,,,,49071,2020
930,,,,25520,2007
931,,,,32551,2003
932,,,,31087,2015
933,,,,45390,2003
934,,,,40775,2018
935,,,,20904,2012
936,,,,31680,2021
937,,,,18160,2019
938,,,,45836,2012
939,,,,15119,2003
940,,,,42617,2003
941,,,,16294,2011
942,,,,40242,2017
943,,,,31528,2009
944,,,,5218,2000
945,,,,7293,2022
946,,,,47227,2010
947,,,,19327,2022
948,,,,46170,2001
949,,,,11873,2019
950,,,,16767,2000
951,,,,5769,2017
952,,,,27665,2006
953,,,,27781,2009
954,,,,19471,2004
955,,,,35355,2019
956,,,,41743,2011
957,,,,25214,2004
958,,,,18709,2006
959,,,,16416,2000
960,,,,49531,2017
961,,,,16334,2015
962,,,,48946,2010
963,,,,30897,2022
964,,,,21691,2020
965,,,,37891,2014
966,,,,18922,2005
967,,,,10052,2020
968,,,,37687,2003
969,,,,48130,2003
970,,,,49878,2009
971,,,,14091,2017
972,,,,27702,2003
973,,,,10640,2014
974,,,,27457,2018
975,,,,37729,2012
976,,,,43802,2011
977,,,,30768,2021
978,,,,33777,2005
979,,,,33222,2022
980,,,,31128,2011
981,,,,34671,2022
982,,,,38633,2020
983,,,,11499,2008
984,,,,29493,2010
985,,,,26849,2016
986,,,,47797,2010
987,,,,18225,2003
988,,,,46579,2013
989,,,,24570,2000
990,,,,36111,2004
991,,,,26596,2015
992,,,,41358,2000
993,,,,35598,2013
994,,,,41393,2012
995,,,,45843,2012
996,,,,10780,2003
997,,,,17489,2000
998,,,,21070,2017
999,,,,5610,2000
1000,,,,43271,2021
1001,,,,29611,2016
1002,,,,38621,2001
1003,,,,7329,2003
1004,,,,30726,2020
1005,,,,28738,2001
1006,,,,37738,2015
1007,,,,16123,2021
1008,,,,16949,2013
1009,,,,19302,2010
1010,,,,8356,2007
1011,,,,6266,2017
1012,,,,25224,2015
1013,,,,45224,2012
1014,,,,46941,2002
1015,,,,14277,2017
1016,,,,27828,2012
1017,,,,15818,2002
1018,,,,11999,2022
1019,,,,47463,2014
1020,,,,28805,2015
1021,,,,5843,2000
1022,,,,42476,2003
1023,,,,40075,2021
1024,,,,19127,2017
1025,,,,41242,2013
1026,,,,25127,2014
1027,,,,48835,2011
1028,,,,27671,2020
1029,,,,48936,2008
1030,,,,45181,2017
1031,,,,6984,2000
1032,,,,18551,2002
1033,,,,37870,2004
1034,,,,5607,2015
1035,,,,30755,2005
1036,,,,46211,2016
1037,,,,44453,2017
1038,,,,33026,2008
1039,,,,32166,2001
1040,,,,30173,2000
1041,,,,41616,2018
1042,,,,15280,2013
1043,,,,7771,2021
1044,,,,18567,2010
1045,,,,17978,2019
1046,,,,12385,2021
1047,,,,48347,2005
1048,,,,10406,2022
1049,,,,12053,2014
1050,,,,48510,2017
1051,,,,22492,2018
1052,,,,22192,2003
1053,,,,24691,2010
1054,,,,9451,2005
1055,,,,37120,2012
1056,,,,6774,2009
1057,,,,5423,2021
1058,,,,29108,2019
1059,,,,16980,2000
1060,,,,27750,2005
1061,,,,40345,2009
1062,,,,13488,2019
1063,,,,16883,2007
1064,,,,49914,2022
1065,,,,18941,2017
1066,,,,14244,2011
1067,,,,12478,2019
1068,,,,46061,2020
1069,,,,20828,2002
1070,,,,27645,2020
1071,,,,31910,2022
1072,,,,21283,2014
1073,,,,41778,2010
1074,,,,15811,2001
1075,,,,38836,2017
1076,,,,21417,2008
1077,,,,11406,2010
1078,,,,26201,2013
1079,,,,23662,2019
1080,,,,18714,2017
1081,,,,27697,2015
1082,,,,37400,2008
1083,,,,42068,2001
1084,,,,13337,2012
1085,,,,11221,2002
1086,,,,11339,2018
1087,,,,21453,2020
1088,,,,9361,2020
1089,,,,7714,2005
1090,,,,18386,2003
1091,,,,29633,2002
1092,,,,32840,2011
1093,,,,16482,2004
1094,,,,18725,2017
1095,,,,22376,2007
1096,,,,15792,2018
1097,,,,12111,2013
1098,,,,14200,2003
1099,,,,32258,2009
1100,,,,7846,2007
1101,,,,35192,2013
1102,,,,8348,2005
1103,,,,11805,2007
1104,,,,9855,2009
1105,,,,14196,2010
1106,,,,25042,2014
1107,,,,31321,2011
1108,,,,11532,2010
1109,,,,24437,2016
1110,,,,24988,2000
1111,,,,15585,2008
1112,,,,13028,2001
1113,,,,45630,2014
1114,,,,16746,2018
1115,,,,14599,2015
1116,,,,22023,2001
1117,,,,20515,2005
1118,,,,35328,2013
1119,,,,25913,2015
1120,,,,12067,2017
1121,,,,25355,2010
1122,,,,19736,2019
1123,,,,7075,2013
1124,,,,42721,2002
1125,,,,43674,2008
1126,,,,36967,2003
1127,,,,33681,2000
1128,,,,33163,2014
1129,,,,46407,2009
1130,,,,11595,2007
1131,,,,46726,2015
1132,,,,33536,2017
1133,,,,36429,2020
1134,,,,49131,2018
1135,,,,49022,2017
1136,,,,16279,2021
1137,,,,28649,2018
1138,,,,43014,2012
1139,,,,27154,2020
1140,,,,27807,2012
1141,,,,9793,2014
1142,,,,10226,2019
1143,,,,8426,2001
1144,,,,41814,2013
1145,,,,33957,2022
1146,,,,35957,2008
1147,,,,20829,2011
1148,,,,44249,2020
1149,,,,17732,2014
1150,,,,25266,2006
1151,,,,43675,2003
1152,,,,44294,2010
1153,,,,10798,2016
1154,,,,36759,2009
1155,,,,40036,2022
1156,,,,15476,2013
1157,,,,25184,2009
1158,,,,16520,2013
1159,,,,10314,2007
1160,,,,43435,2003
1161,,,,6489,2013
1162,,,,10744,2009
1163,,,,11173,2019
1164,,,,12593,2018
1165,,,,23029,2019
1166,,,,12087,2007
1167,,,,12365,2005
1168,,,,41233,2019
1169,,,,45604,2001
1170,,,,47609,2002
1171,,,,12077,2016
1172,,,,5661,2008
1173,,,,15613,2013
1174,,,,21721,2000
1175,,,,12866,2016
1176,,,,45435,2011
1177,,,,8589,2020
1178,,,,25687,2001
1179,,,,13389,2015
1180,,,,32339,2014
1181,,,,35772,2015
1182,,,,46973,2006
1183,,,,32971,2002
1184,,,,31452,2003
1185,,,,10029,2005
1186,,,,13236,2013
1187,,,,8331,2003
1188,,,,31054,2003
1189,,,,32817,2014
1190,,,,16888,2010
1191,,,,12058,2020
1192,,,,20520,2011
1193,,,,22996,2014
1194,,,,6495,2016
1195,,,,45389,2013
1196,,,,41350,2022
1197,,,,47597,2015
1198,,,,20011,2022
1199,,,,20600,2000
1200,,,,21120,2009
1201,,,,9174,2014
1202,,,,44685,2015
1203,,,,19865,2002
1204,,,,5923,2011
1205,,,,33804,2016
1206,,,,27835,2002
1207,,,,15285,2004
1208,,,,20596,2020
1209,,,,12005,2019
1210,,,,27884,2019
1211,,,,21588,2009
1212,,,,38172,2007
1213,,,,36740,2007
1214,,,,35907,2018
1215,,,,29178,2016
1216,,,,40766,2005
1217,,,,27033,2017
1218,,,,48012,2013
1219,,,,31553,2005
1220,,,,48065,2018
1221,,,,25168,2011
1222,,,,47189,2015
1223,,,,41580,2004
1224,,,,36787,2005
1225,,,,13099,2016
1226,,,,47422,2021
1227,,,,23717,2001
1228,,,,24953,2005
1229,,,,45399,2020
1230,,,,35535,2004
1231,,,,44372,2001
1232,,,,21272,2000
1233,,,,15444,2013
1234,,,,24898,2016
1235,,,,37930,2016
1236,,,,28583,2015
1237,,,,26216,2001
1238,,,,25188,2016
1239,,,,31705,2000
1240,,,,14992,2003
1241,,,,15109,2005
1242,,,,44511,2017
1243,,,,37891,2007
1244,,,,36850,2016
1245,,,,16759,2007
1246,,,,35440,2020
1247,,,,8112,2005
1248,,,,33062,2017
1249,,,,9867,2018
1250,,,,30920,2018
1251,,,,35635,2003
1252,,,,18350,2000
1253,,,,38791,2008
1254,,,,44906,2001
1255,,,,9178,2006
1256,,,,40269,2015
1257,,,,6659,2019
1258,,,,28960,2007
1259,,,,14178,2008
1260,,,,20070,2021
1261,,,,8465,2016
1262,,,,26503,2021
1263,,,,48907,2013
1264,,,,15826,2017
1265,,,,31371,2022
1266,,,,10103,2009
1267,,,,33091,2003
1268,,,,48079,2019
1269,,,,27773,2013
1270,,,,35369,2019
1271,,,,47304,2006
1272,,,,42916,2020
1273,,,,5929,2004
1274,,,,24161,2019
1275,,,,18890,2013
1276,,,,30812,2009
1277,,,,9222,2002
1278,,,,12554,2008
1279,,,,30823,2009
1280,,,,23549,2016
1281,,,,15337,2010
1282,,,,7388,2005
1283,,,,29665,2010
1284,,,,19620,2010
1285,,,,40367,2018
1286,,,,44111,2020
1287,,,,14714,2010
1288,,,,42775,2007
1289,,,,38643,2015
1290,,,,7398,2002
1291,,,,38253,2017
1292,,,,6578,2018
1293,,,,9112,2004
1294,,,,32907,2010
1295,,,,6966,2014
1296,,,,10186,2002
1297,,,,5663,2004
1298,,,,42992,2013
1299,,,,46541,2002
1300,,,,25458,2014
1301,,,,7779,2010
1302,,,,39390,2016
1303,,,,8461,2013
1304,,,,11675,2009
1305,,,,41366,2001
1306,,,,44755,2015
1307,,,,5763,2004
1308,,,,48698,2016
1309,,,,6549,2000
1310,,,,20542,2012
1311,,,,16014,2001
1312,,,,30744,2019
1313,,,,7054,2016
1314,,,,39619,2021
1315,,,,21761,2007
1316,,,,22883,2009
1317,,,,48885,2019
1318,,,,21500,2002
1319,,,,26209,2007
1320,,,,49340,2003
1321,,,,31226,2000
1322,,,,25753,2000
1323,,,,34090,2008
1324,,,,42194,2001
1325,,,,35489,2015
1326,,,,28692,2014
1327,,,,26681,2017
1328,,,,17613,2008
1329,,,,23643,2018
1330,,,,29737,2010
1331,,,,43939,2019
1332,,,,30875,2014
1333,,,,32547,2016
1334,,,,14489,2018
1335,,,,32533,2013
1336,,,,16680,2001
1337,,,,18207,2021
1338,,,,30139,2013
1339,,,,42354,2000
1340,,,,24667,2001
1341,,,,40689,2003
1342,,,,23386,2002
1343,,,,6904,2000
1344,,,,5867,2011
1345,,,,34062,2021
1346,,,,37528,2004
1347,,,,33729,2001
1348,,,,49436,2007
1349,,,,32365,2014
1350,,,,29732,2019
1351,,,,19949,2003
1352,,,,7935,2005
1353,,,,22774,2009
1354,,,,5926,2016
1355,,,,12016,2002
1356,,,,49731,2012
1357,,,,47213,2001
1358,,,,47691,2017
1359,,,,22004,2009
1360,,,,30144,2010
1361,,,,17000,2003
1362,,,,37735,2007
1363,,,,25033,2000
1364,,,,14394,2006
1365,,,,30109,2018
1366,,,,18508,2016
1367,,,,30006,2022
1368,,,,23721,2001
1369,,,,11754,2014
1370,,,,24291,2007
1371,,,,24024,2004
1372,,,,9738,2007
1373,,,,48462,2001
1374,,,,6138,2013
1375,,,,18122,2014
1376,,,,8876,2017
1377,,,,16413,2022
1378,,,,10836,2000
1379,,,,24572,2008
1380,,,,34836,2017
1381,,,,25122,2021
1382,,,,26576,2016
1383,,,,8319,2009
1384,,,,25119,2022
1385,,,,49613,2003
1386,,,,14070,2016
1387,,,,27363,2016
1388,,,,28634,2008
1389,,,,40340,2003
1390,,,,21571,2004
1391,,,,18944,2018
1392,,,,28171,2017
1393,,,,27376,2008
1394,,,,28784,2001
1395,,,,40039,2013
1396,,,,29243,2015
1397,,,,38236,2003
1398,,,,43227,2018
1399,,,,24101,2006
1400,,,,27019,2014
1401,,,,48981,2008
1402,,,,49336,2014
1403,,,,17493,2006
1404,,,,40525,2018
1405,,,,17728,2019
1406,,,,18734,2014
1407,,,,10860,2002
1408,,,,43255,2007
1409,,,,24324,2015
1410,,,,23065,2013
1411,,,,40659,2004
1412,,,,48312,2013
1413,,,,20303,2003
1414,,,,25836,2019
1415,,,,18062,2021
1416,,,,28454,2006
1417,,,,21268,2012
1418,,,,40676,2005
1419,,,,39228,2018
1420,,,,35272,2005
1421,,,,46426,2008
1422,,,,46639,2020
1423,,,,9927,2017
1424,,,,37976,2001
1425,,,,44961,2022
1426,,,,48026,2015
1427,,,,26289,2022
1428,,,,19318,2011
1429,,,,18993,2000
1430,,,,41756,2009
1431,,,,9777,2008
1432,,,,37009,2016
1433,,,,8660,2006
1434,,,,16730,2018
1435,,,,14400,2013
1436,,,,18989,2013
1437,,,,49365,2016
1438,,,,29285,2017
1439,,,,26668,2019
1440,,,,37782,2001
1441,,,,39838,2009
1442,,,,11148,2000
1443,,,,5231,2001
1444,,,,32197,2019
1445,,,,24671,2005
1446,,,,13091,2010
1447,,,,23775,2007
1448,,,,22261,2001
1449,,,,39419,2000
1450,,,,27671,2017
1451,,,,40012,2020
1452,,,,23414,2002
1453,,,,6000,2005
1454,,,,13330,2012
1455,,,,34355,2009
1456,,,,22630,2006
1457,,,,10740,2015
1458,,,,39559,2004
1459,,,,34301,2021
1460,,,,15460,2020
1461,,,,43890,2000
1462,,,,42719,2000
1463,,,,8824,2018
1464,,,,21486,2020
1465,,,,29072,2017
1466,,,,22877,2005
1467,,,,49397,2009
1468,,,,41601,2012
1469,,,,23806,2005
1470,,,,8889,2019
1471,,,,8218,2012
1472,,,,40770,2020
1473,,,,29373,2004
1474,,,,41172,2017
1475,,,,22841,2000
1476,,,,17776,2018
1477,,,,48543,2020
1478,,,,41551,2005
1479,,,,32180,2007
1480,,,,24940,2019
1481,,,,16682,2017
1482,,,,28027,2016
1483,,,,29858,2022
1484,,,,24329,2013
1485,,,,34975,2020
1486,,,,31491,2014
1487,,,,35512,2014
1488,,,,29421,2017
1489,,,,49591,2010
1490,,,,39870,2001
1491,,,,42646,2003
1492,,,,49250,2007
1493,,,,30070,2013
1494,,,,47668,2020
1495,,,,36889,2000
1496,,,,42983,2010
1497,,,,34926,2018
1498,,,,24706,2007
1499,,,,6546,2008
1500,,,,18272,2021
1501,,,,47307,2010
1502,,,,10993,2001
1503,,,,24178,2012
1504,,,,5740,2000
1505,,,,17938,2010
1506,,,,25564,2016
1507,,,,8182,2004
1508,,,,39085,2019
1509,,,,21152,2008
1510,,,,28506,2005
1511,,,,29737,2014
1512,,,,21049,2021
1513,,,,45191,2021
1514,,,,34792,2018
1515,,,,21806,2007
1516,,,,32936,2004
1517,,,,11440,2003
1518,,,,19784,2005
1519,,,,45392,2022
1520,,,,31689,2007
1521,,,,25892,2005
1522,,,,8817,2005
1523,,,,47438,2008
1524,,,,36406,2002
1525,,,,6279,2013
1526,,,,26705,2010
1527,,,,14190,2016
1528,,,,12234,2009
1529,,,,48580,2017
1530,,,,28076,2007
1531,,,,11443,2022
1532,,,,33022,2005
1533,,,,45458,2003
1534,,,,41776,2022
1535,,,,46434,2009
1536,,,,48610,2004
1537,,,,18679,2001
1538,,,,10365,2015
1539,,,,19309,2008
1540,,,,28534,2002
1541,,,,32252,2003
1542,,,,16956,2010
1543,,,,12511,2007
1544,,,,14561,2008
1545,,,,25726,2016
1546,,,,48462,2019
1547,,,,48330,2007
1548,,,,19774,2008
1549,,,,38776,2011
1550,,,,8985,2015
1551,,,,46093,2017
1552,,,,38354,2014
1553,,,,29865,2022
1554,,,,49344,2012
1555,,,,17629,2009
1556,,,,49458,2017
1557,,,,40320,2003
1558,,,,46972,2013
1559,,,,27532,2014
1560,,,,7383,2004
1561,,,,44079,2018
1562,,,,20615,2016
1563,,,,13699,2002
1564,,,,8066,2017
1565,,,,34684,2009
1566,,,,47911,2002
1567,,,,18327,2009
1568,,,,11070,2016
1569,,,,45552,2016
1570,,,,45759,2019
1571,,,,26853,2000
1572,,,,11978,2022
1573,,,,34329,2003
1574,,,,48039,2017
1575,,,,48900,2004
1576,,,,33880,2017
1577,,,,42405,2018
1578,,,,20337,2016
1579,,,,45537,2020
1580,,,,38473,2021
1581,,,,49745,2016
1582,,,,7906,2022
1583,,,,36407,2015
1584,,,,14923,2004
1585,,,,11211,2005
1586,,,,37726,2000
1587,,,,37960,2012
1588,,,,23653,2019
1589,,,,26859,2005
1590,,,,29723,2016
1591,,,,12772,2011
1592,,,,33866,2016
1593,,,,17688,2003
1594,,,,49215,2008
1595,,,,45084,2005
1596,,,,15531,2022
1597,,,,20372,2007
1598,,,,24306,2014
1599,,,,24962,2005
1600,,,,32259,2007
1601,,,,29813,2018
1602,,,,27654,2014
1603,,,,35953,2020
1604,,,,26093,2004
1605,,,,14961,2017
1606,,,,32595,2011
1607,,,,21964,2003
1608,,,,47830,2011
1609,,,,9304,2013
1610,,,,49073,2012
1611,,,,40010,2004
1612,,,,39889,2001
1613,,,,44842,2011
1614,,,,22343,2007
1615,,,,18310,2005
1616,,,,18192,2022
1617,,,,34490,2012
1618,,,,25841,2022
1619,,,,35738,2000
1620,,,,20939,2019
1621,,,,12179,2019
1622,,,,34061,2020
1623,,,,26337,2004
1624,,,,21125,2019
1625,,,,26408,2002
1626,,,,38993,2006
1627,,,,8815,2002
1628,,,,32045,2019
1629,,,,37430,2013
1630,,,,21083,2003
1631,,,,26024,2021
1632,,,,45668,2013
1633,,,,35457,2010
1634,,,,5546,2022
1635,,,,17472,2014
1636,,,,32601,2007
1637,,,,18185,2011
1638,,,,27885,2012
1639,,,,12951,2001
1640,,,,46822,2004
1641,,,,5420,2002
1642,,,,12910,2006
1643,,,,35111,2021
1644,,,,43084,2011
1645,,,,46149,2008
1646,,,,19862,2011
1647,,,,6025,2015
1648,,,,43347,2012
1649,,,,7337,2019
1650,,,,25839,2018
1651,,,,31099,2017
1652,,,,19378,2012
1653,,,,27927,2011
1654,,,,49892,2001
1655,,,,6367,2017
1656,,,,13102,2008
1657,,,,35315,2007
1658,,,,19740,2003
1659,,,,11000,2003
1660,,,,46674,2011
1661,,,,35717,2009
1662,,,,12473,2001
1663,,,,19551,2017
1664,,,,47290,2013
1665,,,,40929,2001
1666,,,,36328,2002
1667,,,,40833,2015
1668,,,,48470,2006
1669,,,,21802,2019
1670,,,,12135,2010
1671,,,,17538,2003
1672,,,,41300,2013
1673,,,,13403,2009
1674,,,,11934,2005
1675,,,,11575,2015
1676,,,,24383,2001
1677,,,,49435,2014
1678,,,,38916,2005
1679,,,,6592,2004
1680,,,,15818,2005
1681,,,,35796,2000
1682,,,,38174,2014
1683,,,,42289,2021
1684,,,,29319,2009
1685,,,,23266,2003
1686,,,,14221,2015
1687,,,,10720,2006
1688,,,,42258,2013
1689,,,,20360,2016
1690,,,,13850,2011
1691,,,,25344,2019
1692,,,,41459,2010
1693,,,,11568,2014
1694,,,,42894,2002
1695,,,,40185,2012
1696,,,,16423,2012
1697,,,,10576,2000
1698,,,,10068,2004
1699,,,,17371,2010
1700,,,,24588,2021
1701,,,,5992,2021
1702,,,,12708,2005
1703,,,,48491,2006
1704,,,,23063,2022
1705,,,,22082,2012
1706,,,,28295,2005
1707,,,,44169,2002
1708,,,,18590,2013
1709,,,,7976,2008
